FileName_CName,Group,Alanine,Arginine,Asparagine,Glutamic acid,Glutamine,Histidine,Isoleucine,Leucine,Lysine,Methionine,Phenylalanine,Proline,Threonine,Tryptophan,Tyrosine,Betaine,Valine,GABA,Choline,Taurine,Cytosine,Ornithine,4-hydroxyproline,Glyceric acid,Creatine,Creatinine,Spermidine,Allantoin,1-methylnicotineamide,Uric acid,Thymine,uracil,Phenyl sulfate,Indoxyl sulfate,Citrulline,Cytidine,Isocitric Acid,Citric Acid,Lactic Acid,kynurenine,Pantothenic acid,Prolyl-hydroxyproline,Glutamyl-leucine,5-methyluridine,gamma-glutamylglutamine,3-hydroxybuturate,2-hydroxybuturate,Uridine,Hexose,Deoxyhexose (1_5AG),Sugar acid,Hydroxycinnamic acid,Phenaceturic acid,Phenyllactic acid,Hydroxyphenyllactic acid,3-Indolepropionic acid ,3-Indolelactic acid ,Linoleic acid (18-2),Oleic acid (18-1),Palmitoleic acid (16-1),Docosahexaenoic acid (22-6),Eicosapentaenoic acid (20-5),Eicosatetraenoic acid (20-4),Linolenic acid (18-3),Arachidonic acid (20-4),Adrenic acid (22-4),HETE (hydroxyicosa-tetraenoic acid),HEPE (hydroxyicosa-pentaenoic acid),HODE (hydroxyoctadecadienoic acid),di-HODE (di-hydroxyoctadecadienoic acid 15_16),Di-HOME (Dihydroxyoctadec-12-enoate),Succinic acid,Adipic acid,Suberic acid,Azalaic acid,Sebacic acid,Dodecanedioic acid,Tetradecanedioic acid,Glutaconic acid,C14-1 diacid,C16-1 diacid,13-L-Hydroperoxylinoleic acid,C18-2 diacid,Hyodeoxycholic acid ,Deoxycholic acid ,Chenodeoxycholic acid ,Ursodeoxycholic acid,Cholic acid,Hyocholic acid,Muricholic acid,Ursocholic acid,Chenodeoxyglycocholic acid,Glycodeoxycholic acid,Glycoursodeoxycholic acid,Glycocholic acid,Glycoursocholic acid,Taurochenodeoxycholic acid,Taurodeoxycholic acid,Tauroursodeoxycholic acid,Taurocholic acid,Tauroursocholic acid,Lithcholic acid,Myristoyl-lyso-PC (14-0),Palmitoleoyl-lyso-PC (16-1),Palmitoyl-lyso PC (16-0),Linolenoyl-lyso-PC (18-3),Linoleoyl-lyso-PC (18-2),Oleoyl-lyso-PC (18-1),Stearoyl-lyso-PC (18-0),Arachidonoyl-lyso-PC (20-4),Arachidonoyl-lyso-PE (20-4),Linoleoyl-lyso-PE (18-2),Oleoyl-lyso-PE (18-1),Stearoyl-lyso-PE (18-0),Palmitoyl-lyso-PE (16-0),Arachidoyl-lyso-PC (20-3),Docosahexaenoyl-lyso-PC (22-6),Docosapentaenoyl-lyso-PC (22-5),Eicosadienoyl-lyso-PC (20-2),Heptadecanoyl-lysoPC (17-0),PC (34-2),PC (36-4),PC (36-5),PC (38-5),PC (38-7),PC (40-6),Lactosoceramide (d18-1 12-0),Sphingomyelin C16_0,S1P,Carnitine,Deoxycarnitine,Acetylcarnitine,Propionylcarnitine (C3),Isobutyryl carnitine (C4),Butyryl carnitine (C4),Isovaleryl carnitine (C5),Valeryl carnitine (C5),Hexanoyl carnitine (C6),Lauryl carnitine (C12),Tetradecanoyl carnitine (C14),Palmitoyl carnitine (C16),Oleoyl carnitine (C18-1),Linoleoyl carnitine (C18-2),Stearoyl carnitine (C18-0),glutaroyl carnitine,cortisone,corticosterone,DHC,Cholesterol,7-Dehydrocholesterol,Campesterol,Sitosterol
AIM084_Plasma_neg_013,Dark_control,6004107.132,1399472.832,22084.04328,2365205.524,606671.3686,358367.7544,23805168.91,46589308.07,1238484.902,8421588.604,20076347.18,35521092.78,726235.5817,18096394.87,11482999.7,11835888.9,27465913.54,420985.3536,30841825.25,1230436.844,3608929.343,1101352.171,374604.1666,815649.5409,8695427.038,651754.1438,184228.2327,458499.9244,7713.868831,815528.2616,56476.33707,50063.25493,1321821.681,2395009.552,1471900.765,614014.132,70571.19105,5772551.922,31578768.8,20385.06117,115708.4558,309499.8832,248896.5291,134868.259,112762.4944,2434451.423,581986.5871,656447.4986,20122530.82,41063.30711,1178751.617,6910.877203,53566.05142,32373.8181,145844.4442,527267.4432,128892.4338,64055.14506,12360.75648,2565.384762,726773.49,18044.73541,741965.744,3771.596836,741965.744,146262.7841,5484435.784,131348.7834,6025061.086,363509.0588,95005.68144,492307.028,563104.9232,1475441.506,15776238.66,1230862.043,153529.3545,33335.81157,361978.9933,24313.46539,24433.24409,366134.5784,180082.0552,44980.33578,2306.980439,2306.980439,10738.7541,258446.6315,23215.54057,23215.54057,57062.15984,5750.215156,2283.80156,31447.9834,398740.2185,25860.97735,120548.2188,36267.67912,197207.496,505421.0178,307398.4495,6065.573593,582220.5242,1227455.786,106454386.3,9647259.192,29339752.85,22262218.02,109292540.6,3252354.894,35945.16348,169574.4808,230785.8473,3014215.728,556906.7923,15004378.46,2093658.652,402262.3742,1396957.349,2873918.969,14225983.71,10374679.38,2996122.003,370054.5501,378514.1325,500562.3287,178792.7397,434461.3468,667673.4422,3662495.116,191831.5539,638204.9359,144437.606,37088.607,269826.1178,59411.22407,47896.25392,0,7558.344619,14860.49686,81046.45137,36498.75667,9818.552879,65.26338501,228449.9456,5039.68508,5952.535186,26467.69478,35392.48135,5265.985885,73418.17299,82072.34565
AIM084_Plasma_neg_014,Dark_control,5930736.779,1419527.021,20312.2903,2448440.047,655715.401,357311.1481,24020802.92,47196428.58,1252018.871,8420759.756,20227386.37,35649092.49,750877.7607,18568147.32,11633719.22,11834558.07,26101909.79,395273.2134,31560144.67,1212901.438,3547001.767,1228592.521,341460.8547,831924.0695,8540262.827,666289.1103,186559.8554,475194.1108,5122.111198,803269.9044,57304.47703,62822.90196,1313064.885,2413025.357,1530521.25,586984.2511,66640.94938,5998953.594,31973897.4,20634.92102,506112.2578,294364.4394,243834.9565,131610.3648,114156.2269,2479216.177,587767.0007,677323.7834,20103836.69,41712.86551,1216730.239,6230.314708,54220.64975,33560.38954,144076.141,523037.0444,130576.6851,62065.62957,12440.64761,2140.03396,765324.5527,18259.68876,776424.931,3446.232563,21083.74836,142554.2143,5425115.071,134431.3787,5947341.796,365628.2057,94274.97413,501014.4767,569972.787,1495515.307,15912563.33,1224796.744,152009.0602,33377.8323,385750.7652,26021.11121,24022.19134,368302.6197,180192.5068,45816.11841,11382.53197,4047.186518,0,256444.6408,20972.79668,47934.96435,58192.08909,5097.534756,1915.051927,32691.64357,394599.119,26504.18981,125632.9661,37156.12692,204836.4627,498003.4958,316128.9962,7076.968033,595177.8603,1193796.497,105543974.6,9204272.521,28398435.52,22187919.75,110644092.2,3219753.618,30175.85554,169564.5793,224020.6576,2861898.795,552294.158,15030621.44,2121511.412,386881.2453,1415918.861,2839513.546,26350105,8951199.3,4829575.853,368561.2959,249618.4271,535696.0802,156507.3848,388952.4954,678656.068,3726093.147,187525.8988,630009.3087,143554.4137,36685.39218,282822.6169,61122.78572,49025.28127,0,7104.527161,20784.56811,79151.08597,38134.3273,10498.66553,132.2405409,222526.5427,3447.668937,6795.370225,27886.43855,43758.27054,5827.200329,0,0
AIM084_Plasma_neg_022,Dark_control,5547161.073,593021.8806,10006.9556,1985521.586,631178.3499,355907.4887,25044533.38,51080064.5,1355874.941,10319362.35,20946552.54,36820256.7,670142.1241,13035723.02,14628161.04,13487778.26,26759227.11,358886.1461,32439038.18,1294231.979,3857969.237,1408174.435,271574.0576,1092629.196,7092609.177,594565.4757,157378.6267,499177.0967,17203.16499,110620.2636,52890.90278,53049.22456,1465814.343,2078033.4,1616227.687,691896.1859,952910.6489,6001714.691,25344592.3,24402.50748,85552.48818,329226.9585,269433.9411,170032.2005,203247.5556,2446943.046,432425.6813,538516.9516,20577540.89,50527.6113,1567647.172,7025.056657,84891.77371,41781.83322,211776.4303,264892.0868,60523.87519,72272.90204,12233.77104,6244.516766,895069.8308,14798.02157,728409.4235,2759.00852,21253.97039,136862.3051,3653796.37,60632.65631,2876639.034,345316.6879,94113.02815,572097.8957,540569.4595,1428774.341,15293068.07,1202168.369,149627.1129,32579.24167,384070.3747,30878.13416,25865.5216,347995.3084,409543.1922,315874.0295,9372.451273,1626.370684,64104.36264,2417021.361,152546.6229,506827.6433,562449.704,6993.838783,6267.458307,26492.25935,132670.1365,20186.3074,113562.699,82649.23511,384470.2946,845705.5343,387772.4318,3990.610452,507420.6615,1080195.762,93637049.75,8942870.942,31205019.92,23044751.12,101561799.6,3586427.27,18878.66231,91364.59385,157069.8366,2445931.754,227881.7299,13427104.51,2634933.473,500447.5114,1852159.544,2945209.814,18545837.27,11087331.14,3178120.823,1419653.513,202924.2523,868155.189,134544.2258,405510.3658,736221.0837,3069215.468,269767.7076,406711.6541,140323.8341,33058.09813,287263.6805,61400.07306,44267.40051,0,6952.707897,15935.95668,70759.22662,39722.76811,10979.49505,119.5525042,260359.3914,6367.920718,2735.761196,7116.137027,971666.7528,12659.04656,64882.0358,78213.31257
AIM084_Plasma_neg_029,Dark_control,6061348.337,3254307.742,21820.73103,1963428.876,772446.5074,330658.2032,23093749.23,46840062.1,1530747.009,8089565.896,18901715.94,35493212.7,674931.1771,12449415.95,12842857.49,11527245.55,24688323.17,435567.6149,34884373.76,605561.5161,3115802.633,922837.1398,340489.937,927055.6136,7052007.374,796381.2645,198764.2429,587375.6631,6281.93676,4640.26759,45201.32209,79382.17299,1478914.494,2413740.519,1633537.544,490841.744,1418506.271,5564091.927,27385602.15,27720.74633,63843.72629,175721.4002,299236.6129,122233.3026,468882.4512,2228081.385,490564.4067,491865.6178,22195503.07,78462.79171,1299058.992,7015.891255,44693.57359,50519.1302,192677.9648,357733.2885,67694.52276,78236.92706,15556.54267,1400.591698,850419.2111,13112.52153,680920.4247,5070.377239,17364.57229,148268.1327,2630146.491,55022.80165,4400270.169,351730.2114,114267.6794,408106.861,628795.3227,1622853.751,16964063.03,1307677.848,163258.2294,28676.08883,352671.5691,25329.16323,21221.47099,354655.0227,517247.9469,58258.45846,410.1918457,47.64334106,10936.56239,11783.3117,0,79494.19103,58423.16972,1655.993174,787.7287129,4261.098646,40757.25267,10902.38465,161714.5413,99004.86594,571818.2639,878916.32,980149.262,2884.243639,235436.526,346551.7122,78433683.99,15296066.35,18173286.68,12349841.08,95304089.7,1730410.373,15412.31374,56256.1752,90667.52441,1596096.477,176014.4315,24991935.86,1422723.185,247815.1996,1082555.842,2341586.65,17022.82966,0,38430.14601,5943.79232,5831.914434,13186.69705,3928.86381,0,544678.5866,4630669.172,313771.3345,693490.3191,128392.3372,23940.11152,175439.9725,55908.57137,35196.45105,56.02849731,4250.722327,9564.316523,45914.11675,27341.99657,6111.035486,13784.39386,124894.3055,26284.97127,6632.44258,3492.315766,563451.4388,8746.964619,674.8009966,0
AIM084_Plasma_neg_037,Dark_control,6405446.101,6944113.138,60449.89897,2790796.514,781781.7736,753494.6687,35657559.69,74808509.43,2721194.072,15655253.84,29953577.65,39679713.25,821033.7666,19244573.84,16955601.5,13663396.72,36441373.58,574604.4408,36437917.01,1534132.814,3408111.099,1370122.004,607403.482,965316.7434,8100481.934,768799.5847,328603.321,574288.5591,20900.97961,828083.6272,49337.94057,74245.40707,1661171.659,3499092.105,2136056.76,495905.0666,377803.0895,6347069.997,29206275.84,136144.8293,291877.6777,238724.5711,327959.0226,216739.6666,389619.0115,2283563.547,556500.4432,837026.445,21938501.22,71895.98892,1381319.283,10206.83002,114668.8641,40205.29734,177580.4213,271294.6238,121388.0451,89605.01448,22551.78347,2789.007584,1222875.454,13112.32805,937938.2096,4872.36612,937938.2096,149138.6582,5309683.194,69119.83821,2240024.661,392775.4953,130998.7634,454524.2662,611700.4341,1607001.91,16637040.5,1284476.464,149344.4281,27115.14229,434286.2966,18909.71802,19413.58456,395737.435,278367.2077,566259.0696,33806.39944,2903.681596,119407.7772,2711930.715,96300.41228,748001.9895,623267.5049,6593.007061,1082.564845,27221.32248,96899.44855,17712.07396,262317.6674,46310.01294,553740.6796,2194758.445,890911.9636,5982.313462,320868.4559,649577.8373,91630379.65,16580161.12,20397361.1,17075252.39,105638285.9,2365974.716,17524.93935,113652.9262,213429.7439,3267116.678,413688.95,26385439.42,1741298.576,243939.3925,1184272.813,2461095.904,192537.7417,4064047.761,71086.64759,1551686.717,595170.1003,189877.0356,99796.35996,704265.1122,683847.903,2885787.959,235053.7336,579147.2495,91062.96093,27289.07474,119204.1973,41467.06642,32600.64284,0,5296.524152,14924.30103,49259.30173,33571.69023,3640.161435,12200.42488,176629.272,30837.14006,2860.090249,2781.19068,473847.954,3554.181444,34994.17325,40578.66461
AIM084_Plasma_neg_044,Dark_control,5967767.407,4249086.469,25162.83459,1926371.369,836282.5608,352545.273,23728839.12,47459961.59,1863512.067,7485181.155,19392837.61,35948612.13,603446.2943,11482574.79,12487105.05,12984566.78,25539873.91,321086.6875,33401926.06,1311368.692,2955265.827,702298.7226,418062.7114,918503.3005,9040506.741,1063524.919,251764.0068,717026.943,16727.41445,205228.328,45186.43018,89504.00493,761619.8656,1523891.747,1785235.357,426359.7636,289952.3005,4912478.125,21409271.07,35028.45017,654151.8461,237214.5694,245201.6968,131050.3014,439706.8215,1076348.26,351861.4713,480832.3999,26241453.41,75726.95779,2264577.488,8237.1562,56083.84068,27766.09885,277024.0902,208357.9622,137562.2403,85814.20052,20259.33134,1815.93734,835769.4195,18813.53738,715954.2783,8431.313263,15025.05122,159505.6524,2346557.033,73289.08431,5030230.424,280090.9474,49095.9877,749372.0914,613421.1745,1591808.524,16864225.43,1264819.478,157697.9909,25613.20702,343505.2952,28947.63907,21030.67418,282357.3427,422888.2146,3250.676378,828.4450059,828.4450059,828.4450059,77589.7909,20377.80605,12548.46403,107237.3923,0,1717.558754,0,73480.01647,21342.79221,144636.1075,27154.26733,66875.86768,1356501.572,1489264.355,2694.973249,829733.8017,985786.9006,93620500.27,16629458.67,32979952.9,19578615.86,96583325.25,3706781.291,34210.06844,186607.0247,205596.9041,2244561.836,358287.5103,24012156.81,2127131.718,447861.2445,1823118.577,2558374.757,11456639.41,6751275.326,3505332.557,1098408.648,393557.2236,477943.8096,205473.0208,526362.9469,694626.6162,4730615.205,371223.6839,728274.9915,89959.2053,18777.7032,96427.34271,49299.58359,25987.2222,0,5163.308959,10341.10991,61012.61835,33542.65015,7088.072729,19663.92577,168560.1806,25557.88195,4703.275951,7996.573557,510925.3304,8722.41659,49544.73339,61635.44795
AIM084_Plasma_neg_015,Fast_02h,3548277.893,2852450.172,16852.63366,2680674.371,466424.8764,408331.0269,22976722.42,45971363.89,1825777.929,10030779.72,21321493.7,24689089.47,519267.8331,17970234.88,11747109.27,6608423.6,25634069.36,272028.7116,30123076.46,1106237.789,3391345.911,1286743.73,246735.1961,905506.6358,6106013.724,715761.0849,240273.9311,412831.4352,0,1291161.405,52791.44937,63729.80199,1320278.798,2358805.653,1070994.219,1045727.878,335569.2031,5832482.593,32766571.92,226784.7319,135090.6737,178786.9292,170584.084,130424.9089,75230.32193,2786139.668,642322.8482,764665.2573,13031698.72,56610.18477,838577.8404,6383.635468,51077.59522,25788.5701,193264.6774,393727.1331,59835.02392,58129.85874,13514.70634,1748.41987,840165.9328,12341.33658,662926.8309,6486.385296,16959.80774,150911.5555,11272760.03,268962.2887,296112.7456,473958.2145,110290.106,608421.302,508028.4633,1383116.789,14742486.03,1141462.27,141197.9791,34137.13752,357582.0624,22510.08222,28121.39326,476940.3134,32128.90932,151063.0374,1657.463425,1657.463425,30117.51449,20240.26888,66876.30883,6817.154889,105532.4865,1068.295058,860.6544089,9768.584436,33400.09648,7965.792411,125136.6945,74201.75084,856070.0966,651535.6352,677408.8034,16785.98264,369811.3675,397892.3229,64585928.76,7505365.063,17785517.14,12631617.5,77153829.57,2557672.105,15014.86382,38511.91096,79939.0636,1087106.665,108886.3401,12212501.71,2298431.193,494814.6091,1686227.816,1883999.116,27705983.96,1552840.594,4802020.783,604793.8857,12620.64948,539902.7044,114626.4256,69529.71478,720723.4658,3261393.314,247194.8605,247150.478,122814.8211,32908.16284,113715.433,73247.41153,32892.66211,7837.06087,18983.17688,36246.50734,151749.0454,110878.2845,41705.18105,547.8529547,134046.4294,3457.699217,9792.935002,27650.50844,760872.2494,3786.229787,1183.59075,0
AIM084_Plasma_neg_023,Fast_02h,4609388.919,1101773.326,10570.77316,2814406.81,532785.6939,344623.7315,22167331.79,40626320.49,1831503.668,8836195.405,19442807.12,26730521.31,511065.133,14090792.35,10857781.63,10240902.7,23444112,259072.0532,30178935.3,1198948.145,3323267.848,1179472.422,467288.5673,836790.1815,6699131.644,532442.0519,173548.0859,419696.3113,6582.360191,2726989.764,36746.88072,130229.392,1164507.405,1997975.72,1444882.322,1352956.859,47253.05436,5598924.715,38355967.83,118189.692,803027.2421,182323.822,275489.8544,167085.7284,205763.7406,3295618.386,571095.235,1045998.753,16683511.5,45116.55572,1003947.096,6692.722102,70759.42845,56346.83156,117109.2714,420166.8331,72066.69124,40517.62747,8543.454063,666.3622124,709642.3487,10885.42241,674189.4338,6939.947381,31671.50881,157928.2987,1904786.103,39431.1756,1734191.17,305038.0665,55695.31454,2247915.215,480535.2789,1226506.359,13089778.93,987450.4947,117547.5329,25704.31617,302877.9919,14886.06877,17820.21547,307535.1435,26514.69579,26397.65213,2856.300242,0,0,3571.988647,0,20337.7127,17028.71246,753.9835585,320.7183413,0,17151.60007,4028.494101,112140.0017,41767.88137,286159.563,461960.1325,475895.7731,0,303750.8381,387097.3748,59087358.35,6945759.862,20293390.8,11424565.42,87269118,2669166.326,23949.26307,62270.32461,75475.21313,1073272.58,121478.1575,12498822.76,3007349.712,421748.2829,1050272.338,1972355.995,17207819.66,19471978.14,2585861.856,1105667.801,323070.7739,1007613.313,148727.8296,405576.4102,663551.3424,3440173.841,286859.9452,583900.6413,248560.463,55513.1568,590747.7835,82150.34308,52658.77942,8163.951055,9251.372082,23359.86721,118194.9339,90623.61697,35328.92276,0,156590.4997,4203.725296,2110.843008,31903.12289,1125501.612,6165.424095,66312.24001,86395.29537
AIM084_Plasma_neg_030,Fast_02h,161534.6633,23908.90758,7813.540846,2133763.154,559107.6146,249091.2917,72142.50988,130781.871,37117.09323,15994.4204,40365.59154,168462.0274,456141.3357,27064.13062,24043.79173,346556.6819,336775.7823,122326.1183,290658.0612,995948.6045,6057.537895,27782.02059,18257.48605,801082.2553,15200.88417,3381.843189,0,1835.361307,94.32158813,830.9988288,8508.719375,8528.774947,1221514.809,2496006.616,9491.670071,0,42894.09133,4867718.328,31362024.98,0,171820.2906,0,0,0,0,1838346.735,305388.2928,516491.0262,318382.117,2402.580099,652831.1351,5851.898456,43230.71759,26357.02105,135843.4698,0,78474.24273,53843.14755,9161.838242,1508.445612,161719.6007,9182.484129,662187.4995,6840.94442,14888.29782,142560.5526,4673230.094,83079.83252,1520707.535,334345.52,82802.4152,524923.0993,486021.8066,1285820.579,13567836.9,1023228.933,120805.6847,23700.1182,286549.5278,16263.74388,16950.07498,337284.0645,30262.56328,57804.05341,6926.396375,1009.023723,0,4914.589876,0,24342.23195,23487.75542,677.2342403,77.0302124,1880.577009,22584.54303,3805.247491,98096.64029,63318.49828,320787.4601,787247.8811,506761.3633,4967.513304,0,0,78650.23092,13833.06509,12495.3284,11702.39307,229046.345,9817.989821,3137.065359,70.7697998,1481.579759,17045.83048,2234.650585,59233.78609,753.121578,0,52.41956177,1493.797344,101567.1981,0,62941.03453,21193.98137,65954.59267,5219.24863,6151.95679,0,646109.3944,22140.97433,818.5931807,0,24337.09402,1548.694976,1548.694976,14706.02463,14145.22741,69.48356323,0,0,0,0,0,46.59346619,0,28055.34089,1522.111713,2315.830033,553627.6972,1993.021267,62014.10304,51122.21796
AIM084_Plasma_neg_038,Fast_02h,5749316.876,1689597.828,8226.015014,2125240.463,547609.8886,264660.1924,20611749.81,40401239.32,1930442.506,8282972.308,17598780.18,26418715.02,443539.3058,10914025.64,9853397.314,12271287.84,20520956.14,392506.7022,28159535.48,1347801.603,2507565.121,1355992.761,424467.6032,933997.3051,6692160.849,574084.9516,202571.6134,445647.4751,56.12277832,2354888.389,22438.36317,93473.52459,1237352.284,2281750.781,1655606.211,831973.6401,843846.7735,4908105.917,42056922.95,516707.8374,558706.1091,176625.1299,153441.2732,151896.227,131569.4622,2968798.983,475491.6254,909028.097,15938224.28,86250.4185,1485249.92,6305.144404,80141.92316,42297.20322,117810.7455,280602.9688,44295.26548,39815.62854,6264.888002,0,454313.2786,8493.92062,465081.4832,6849.782846,25695.37902,160628.5414,2643048.541,36043.06891,1112963.362,237451.1937,57457.17634,1443183.966,589943.5435,1519255.408,15857880.27,1236164.875,146110.4173,24399.59316,291449.4822,14967.99842,14940.53565,239743.5124,26334.92058,24394.29701,1560.114877,1560.114877,0,6726.964639,0,0,0,489.0906954,180.4218357,5026.376688,61607.09986,5949.425531,58440.32157,42240.23398,171817.7907,319017.8641,210394.8101,2256.708934,253491.3437,289040.2158,40863303.08,9693244.978,12829903.25,7360054.046,39834323.38,1424818.97,10832.57888,43783.01995,84090.24477,872153.4663,105620.8438,13008546.09,1094440.789,208751.9597,1064546.26,1118604.121,8466203.811,4584477.018,1957577.892,380800.2253,447828.1541,114388.8255,138617.2946,604756.0223,575739.9437,3156697.243,206255.7402,420101.9835,154910.6241,37783.22524,403933.7467,45598.75981,33475.32816,8451.517214,3140.619115,8239.600419,50854.99222,51091.16974,30367.92829,8143.720434,98356.45693,28884.56428,1283.981505,2624.81388,604397.1996,1505.380929,31052.5771,40517.00843
AIM084_Plasma_neg_045,Fast_02h,4350079.424,423028.5416,9666.784826,2155168.058,592150.0335,232528.7813,23239412.31,39716781.92,1571211.933,8105654.823,19706972.58,21222818.27,357954.6242,13458495.42,13175047.22,10827362.08,22546609.48,348847.166,30091659.26,1230175.7,2698683.269,1678145.423,261397.2462,783292.095,10063155.68,543744.8471,365630.2588,525392.1884,10623.01446,1604245.668,26322.64209,102122.9355,652455.4633,2398152.18,1334300.278,857272.7859,217508.6558,4303945.656,31627146.12,442500.6786,689747.6867,81338.24668,153958.5235,87580.89813,169565.3197,2358761.553,420276.9455,887876.9548,14048638.59,121193.8393,690375.6716,7835.419915,79461.59588,23655.75089,132811.7659,279399.4479,86668.59158,54997.71212,13925.86947,9320.747798,836996.3042,17458.88631,705773.6453,8864.96038,705773.6453,151679.977,4361324.073,91779.98533,1379110.94,484732.4558,32952.26973,696310.5761,423214.0579,1144010.093,12254404.47,744280.7011,116298.7288,29516.93034,226458.4306,18084.21922,22601.40469,487727.7312,28959.83217,685239.7252,1617.603901,1617.603901,141248.4197,3207266.719,268395.5924,320012.8437,446200.0572,21833.96306,129126.8302,143352.9164,870886.1885,66432.93466,38683.33382,127728.1985,195859.6179,852541.8681,140148.3354,4141.101527,329090.7975,465743.6477,62962224.56,12958169.98,15789846.44,12225230.46,77920739.33,2889178.778,27337.75688,62109.93657,158033.5745,2051088.575,245777.9558,21220972.68,1828897.196,333071.9684,1670035.584,2060671.192,0,0,35777.37754,8508.980728,96.96101074,78.02720947,0,0,619798.0411,3050323.659,280595.3081,365224.0828,126637.0602,16676.65442,82207.51481,44438.86679,25743.2782,2854.15972,8610.430175,18266.02971,83376.13654,101541.0826,24120.61623,13545.99114,68050.04334,29776.64908,350.239499,3415.330324,55341.18795,1111.35766,325.541742,0
AIM084_Plasma_neg_016,Fast_04h,4017037.795,1494418.5,10134.79535,2592945.111,435856.0261,324848.5287,26449623.7,42324480.13,2408161.609,8547608.346,22394956.25,20945007.87,586564.3396,13707657.12,12852849.61,9639065.425,26267961.62,391066.2997,30481779.83,1456553.199,3475317.109,1411402.756,220598.6257,1008459.501,8320257.717,539038.4025,219629.2305,509032.1842,16411.89343,1782982.286,35392.6717,96461.60227,1198240.548,1504121.945,1501277.828,1299196.164,301727.5229,5975714.286,34307573.67,88745.41955,531393.4071,170028.7217,156332.6756,115236.9207,60330.13388,4584878.832,986876.4892,1132856.43,15310473.63,57713.16082,866970.9723,8348.460855,76077.5915,40544.43654,118013.0619,236524.9686,43452.61741,35398.7634,8071.895047,580.1155642,83341.94991,20288.62405,766407.1313,4102.874397,24698.30229,159176.3285,5489408.554,137652.622,1618080.343,367559.2943,43127.50983,1003186.05,459921.6526,1217181.937,12935505.48,1007822.276,125328.749,26734.84687,333765.1745,16291.83097,21850.78591,370561.893,28037.12626,452907.4185,2071.841881,41534.6862,85447.62205,549120.5312,83996.97706,149933.7842,508669.2927,1802.258087,1580.742113,13853.4398,51122.33507,13259.46761,140956.2684,69391.4061,723381.6781,484984.719,595610.7252,3865.772979,261564.0491,308786.9037,58331682.5,7022680.35,15852654.44,9666497.798,95584354.31,3155158.771,22959.058,37986.28131,75148.39273,1475934.607,143718.9493,13745840.37,3106204.031,781966.8148,969963.3492,1876527.878,2250145.565,3585086.143,421294.1374,601997.4361,197662.9264,605661.9966,77461.15144,50272.5544,988486.6666,3032974.126,210919.647,129329.6031,180522.9148,42087.89805,195710.8154,61853.4922,35768.79033,2704.724095,10584.33712,24555.73133,174081.4374,112110.718,34983.35261,60.59242554,185002.9499,5210.270308,279.8068511,3933.132766,825193.6827,5685.165842,50254.00605,49685.02942
AIM084_Plasma_neg_024,Fast_04h,4286577.718,5834491.693,58381.32799,2131064.049,531278.2977,665314.3214,27063877.97,57026677.64,3192223.301,12979816.44,24375497.94,24180832.7,604584.8786,15120418.41,14657127.56,10389537.72,30044073.04,226653.6295,26534792.96,1187217.911,3067839.152,1653783.573,228660.9564,901740.0002,8096355.87,536589.0226,138903.435,286267.8329,5109.737017,1127019.867,35959.41868,51597.69244,1073096.037,1477256.714,1211129.54,927739.2494,43114.84318,4402182.989,28358981.69,426288.0871,127752.1802,220139.1762,123173.7536,83190.38578,174130.2322,1655319.81,350435.7315,548301.0713,10581740.47,52325.30342,572767.1212,7909.134117,84261.57688,20331.59885,98001.49919,280296.8807,45943.36821,38005.00724,8037.999057,627.2612978,667981.6969,11631.34407,523027.5408,6731.988486,15182.30839,199213.3773,7266851.99,144212.7047,718286.6154,329296.1578,65713.43123,438895.0074,294981.2814,759111.7932,8826818.955,612541.4621,79209.90232,20529.73553,259514.4492,16779.24516,18935.98119,331551.6618,31533.68032,600633.8348,2785.638842,2785.638842,2785.638842,1393299.68,122408.8781,388759.2946,665729.4949,6005.697124,1986.939108,54352.81837,171170.5182,27903.45707,128657.3262,35834.25629,489182.6908,373582.6941,446742.7339,9656.447678,379652.4232,427172.2128,53271214.69,6523501.96,13280808.46,10003083.43,62887570.58,2943428.129,19839.80781,46877.10245,98038.93785,1199956.825,176835.099,10108982.84,1777884.093,281640.9592,1089391.418,1654050.024,20843416.96,10586119.08,3275712.876,1046985.138,187268.6101,921623.6903,107751.8285,305651.0844,768050.1382,2713160.794,151409.2788,208235.9113,105141.0526,20167.68165,84721.9313,50373.8006,29561.76003,7521.212581,12653.93069,25245.27688,105924.4283,84274.45956,32375.31608,2421.379425,131600.3107,5155.130897,422.5995918,1020.601552,1143677.549,6657.894697,62592.89711,82724.50369
AIM084_Plasma_neg_031,Fast_04h,174290.1419,24419.18553,8053.625486,1529916.356,494369.9567,187725.276,93840.53053,151509.9971,54737.99381,18020.85253,53792.0768,133557.0941,432831.2756,33252.05252,35399.73858,351967.4987,364908.7351,124916.1829,300850.6155,1624641.28,8292.115992,28378.57289,21449.67309,674562.8115,30916.25579,3828.787368,0,3800.610681,63.30657959,3340.678791,8066.057747,8774.293289,460554.1079,1162815.767,13349.54855,1535.043628,186339.3166,4456743.715,32635394.51,0,529055.412,0,0,0,0,3770124.996,818959.3251,941190.916,414331.3828,3448.639742,954336.9875,6961.58097,42120.05811,21986.72877,133187.6373,56.91456299,29829.74947,36594.88964,7628.241923,246.160415,491774.4853,25064.71999,505526.0454,4489.308897,10086.28895,176156.2793,2288807.295,186976.4426,2609482.412,336855.7109,39550.68022,578162.6084,428789.3528,1111424.504,12039941.86,920126.2728,113203.5749,20998.80277,247122.9625,14038.60417,15032.68106,339274.2855,31003.52966,470327.3904,55.01744385,55.01744385,93644.56269,800826.8985,197111.9399,144068.4913,827912.2617,3604.126483,359.6900979,0,37983.83255,6099.615882,105959.6111,24643.99879,406768.0896,411738.1884,519225.2316,0,0,0,40621.48974,6624.926069,6841.077489,3716.192473,98204.34283,3981.47082,1112.337032,0,1437.146607,8615.27246,1332.566119,32862.36092,66.45595703,0,0,486.2149308,129733.3344,5525026.459,55512.82051,105292.3196,217442.2095,27094.73497,38713.83254,1015054.871,505001.0929,27848.51858,831.1324397,0,24777.39154,55.74711304,1283.220869,17145.51224,14616.18717,52.06482544,0,0,0,0,0,0,0,30748.17235,1383.675702,3519.455818,542141.5852,1677.760323,53646.85416,52492.61166
AIM084_Plasma_neg_039,Fast_04h,3988227.714,1473005.852,16034.26028,1723811.465,578864.2369,192047.0216,16838758.13,26491185.44,1729121.47,5523818.763,13982168.88,17373289.64,375871.1301,9883857.962,10119509.25,10670509.15,16090006.66,601360.6214,25709097.2,860537.4629,2667625.029,1030182.724,500941.656,606768.3284,7071330.175,644794.7398,290390.9286,553648.1821,5468.694333,1342074.271,29069.58387,51511.64814,634078.322,1238731.553,1223341.546,729783.54,41291.96914,4846683.405,27140795.39,477895.1843,172869.6374,87772.15292,110274.2117,73101.45843,184567.7699,4722491.37,772831.3406,720062.768,12699264.73,98082.82405,545961.7557,7294.207326,45225.16058,21661.28442,132983.2716,258895.5436,26374.78976,33949.54614,8891.609696,956.6523463,629144.0449,17661.87549,567944.0986,9208.88438,17807.78104,145021.8008,4023237.962,114434.779,492925.7793,234512.5761,64326.61422,416381.1603,449918.1371,1212115.64,12925142.54,1002045.74,127540.1408,32218.32294,283891.5312,14021.79337,16716.37219,237210.4132,22005.14047,643396.986,1705.189452,1182.421057,133623.6233,1436467.615,117136.5313,549702.4216,570686.4479,84684.7003,49259.45266,175732.3664,977435.8192,183362.1615,140667.4655,98659.35278,326108.653,556852.6002,394205.402,3566.20567,215505.2202,260421.3165,40098444.16,9666741.816,6637083.518,5876283.353,51033010.15,1952439.025,20421.19869,23993.69256,60135.6384,907550.6185,116286.885,15382287.38,1541292.517,306264.1545,994889.4843,1261361.372,9101205.271,3357007.129,2088292.497,103911.6659,373906.3582,734539.0853,110496.0534,613319.9512,487672.8628,2000506.307,183495.7671,432969.1517,55072.50622,9692.668758,34522.93698,38987.25826,20160.75759,3409.333323,8374.541654,19629.07818,99433.73676,106664.038,32054.94998,13438.91181,46877.05826,28082.98482,1021.690432,1946.912475,575653.5887,1775.335385,41947.89887,46030.56877
AIM084_Plasma_neg_046,Fast_04h,5703176.477,280399.6253,7684.128017,2358502.962,539599.2378,286866.4732,26923324.53,46232806.48,1896566.375,9493206.378,21853777.67,24660250.45,587179.3808,12350251.23,12770406.18,11930913.96,26339946.62,368479.3162,32951228.56,1460828.415,2736502.042,1639479.802,301032.4982,860846.4044,6859960.214,815285.3759,344316.8362,661644.9671,6408.017539,1681944.704,31101.35422,114491.5164,1641832.462,2453547.384,1595679.492,966624.0496,43111.07808,5045066.9,31300238.05,674895.2805,150825.5045,273588.7001,158133.4453,147128.4214,102075.2015,3438645.021,567500.2536,942957.0582,20479929.18,95877.48959,1470379.039,7318.588994,57753.28658,29896.71395,119588.2007,220325.0671,69359.81596,40302.00877,7887.384025,826.7218561,634237.4065,14145.19091,619801.0774,8751.292289,10588.91123,161405.7591,2774908.034,43376.41489,769725.0523,296039.692,44604.35391,731567.8814,498815.4066,1328934.266,14192293.75,1107898.437,136448.375,31278.06805,291794.8255,24646.39787,22240.96828,298225.526,28755.39211,70023.53456,399.1297715,15321.06433,0,16267.89044,9871.800426,3593.891606,18593.06436,9228.645075,350.6828183,182691.483,626632.2794,179487.8343,194378.0021,52533.62589,1144744.046,785177.5012,697955.0961,0,304139.9644,530791.3172,57414420.89,12174786.62,17253254.27,9204431.036,76484127.54,3052583.037,28756.18907,69325.40011,104205.1295,1451389.98,175242.0239,20529871.31,2091943.764,391652.6431,907791.3713,1373503.094,0,0,33165.08468,169.6818359,1953.951261,0,0,0,777189.7481,3633019.908,272405.732,304338.4129,108098.5396,21744.96488,78050.70412,52482.39607,23834.52771,2243.854594,5568.259299,14805.26768,63745.56763,57667.54085,21216.4011,16211.65741,167708.2353,29604.12251,3293.250365,2753.919724,37925.03006,1649.659798,331.1377456,0
AIM084_Plasma_neg_017,Fast_08h,4556878.84,3679766.122,19421.1313,2292094.786,500446.3865,430056.0939,29356410.43,44989490.12,2756827.711,11629922.86,21131486.58,22209360.9,808964.5845,14621605,16228530.77,6207687.19,30483882.07,1220900.953,28132154.31,1628549.88,4030059.142,1343145.624,317936.5726,1167952.419,12613604.73,605440.0072,385627.1915,432577.952,0,1654753.321,53660.03477,86548.98432,909963.1034,1967838.126,1417873.622,1432052.362,61505.3604,6740878.009,33605937.21,67296.94223,137274.2243,370718.7161,117707.427,69983.42025,55773.50337,5263871.132,1371539.805,917204.3784,11257063.27,53555.24572,591855.088,8205.273173,270841.1443,26396.69129,205952.1058,335750.9574,35103.21101,44746.57368,17051.42886,3308.422704,1120452.107,31284.14754,868330.5489,7057.319342,17534.74102,150520.4413,11591347,525687.2453,593660.7047,468143.0932,119590.0184,727488.0083,741519.6554,1944918.569,19777500.94,1639069.76,212460.4334,68208.73383,396015.8167,26845.886,42108.2126,472994.6912,29602.33057,863716.5678,1596.813137,18236.00542,176322.2687,868798.5174,273361.7084,184853.0469,1269023.516,3262.747861,4497.465483,13122.12004,45911.05638,13129.30907,170643.1126,112675.6957,762583.2418,557648.523,704563.9249,16154.69709,256522.1375,380822.0312,48899695.8,6363264.018,6653496.498,9272421.378,79328089.15,3803723.67,32189.41343,21488.12142,77000.06243,1460386.83,86185.3162,12835556.6,2836012.226,557059.5325,1072034.094,1798248.192,503681.8432,7882365.984,163255.2067,1379567.53,393656.1625,353688.5219,114809.5106,440127.0102,685085.9463,3487954.49,358449.0978,157331.3221,81787.5135,21685.74297,54207.41543,72907.96776,31589.01855,8827.263526,14320.3994,28143.63561,237949.156,203552.8146,57448.28482,66.40927124,147235.5889,5026.298425,49.67429199,3726.692216,1118243.149,4258.736557,53494.05948,59334.80079
AIM084_Plasma_neg_025,Fast_08h,5316143.44,3795260.298,35144.09838,1945024.219,508309.002,510918.3248,26794679.02,47154649.96,3188833.25,10925728.36,21114880.73,21549436.84,734325.0309,13394526.84,12033021.03,7512730.088,28394252.61,1246497.68,24534952.77,1306920.891,3439816.932,1619252.933,318409.7334,826536.7557,10348631.73,687123.3227,203414.4247,346260.2075,6155.246853,1254716.391,49109.98306,79866.06394,919764.3608,1325416.879,1140260.546,1244244.651,349217.1793,5846480.854,28426067.24,330510.1309,461114.6299,206070.3919,109236.2727,79098.26333,94423.98784,2811343.555,972537.1617,516360.9101,11981145.07,39936.31189,717831.8501,6886.026978,114686.7938,28312.05975,178655.3576,234515.3975,37761.11555,37267.91138,12480.76045,2411.523633,666951.1838,24685.64625,686878.2575,7616.060152,27131.89227,157585.2789,7886714.149,379923.9866,156119.4191,166450.316,90335.73012,649311.2545,647866.3313,1746869.943,18123018.47,1460948.071,179404.5309,32475.68926,351023.4402,11761.7795,13696.78609,168475.6649,26384.35685,28073.40618,126.2296997,9230.612036,3627.662364,323605.0779,311988.2475,92797.18964,332036.4355,753.7956554,118.5434692,0,59567.47956,9191.422893,54181.11275,32025.74786,18915.42215,167365.6178,154232.7965,8182.756138,262662.5851,373890.955,43655807.16,5803562.176,6409075.119,8022038.119,69860367.23,3326474.539,21782.64648,28540.14648,91430.19121,1260076.059,150093.6481,10905716.1,1456602.465,283322.0511,870163.6388,1588925.809,31373440.76,14142529.64,4471976.409,931163.5468,271708.7591,1098610.339,161915.6513,349660.55,587771.0345,2396308.598,193963.1987,98879.23334,66706.63551,14916.86307,30028.64701,60745.99842,24723.64061,6417.899074,11936.72782,29089.28789,176370.2069,126461.1807,38052.35419,0,159392.0849,4120.596011,2100.068985,3491.53158,1032564.691,3480.828788,83832.15759,97781.90271
AIM084_Plasma_neg_032,Fast_08h,171906.4378,21401.52041,9082.223721,1956922.071,507691.8497,184933.5639,101864.444,160674.3376,65356.59987,18379.10181,59708.85392,152010.9432,476279.993,35308.51713,30401.38096,378344.2957,370802.481,119975.2963,314625.2193,1350081.194,8966.801435,31161.29224,21376.32166,656581.7923,37426.29169,3959.731988,0,3409.943628,0,4117.769934,7340.597351,9510.193093,390162.1237,1110417.289,14195.15877,1035.669336,209214.2599,5157722.612,33521195.63,0,118007.5742,0,47.43990479,0,0,6027943.101,1260135.007,856530.3248,424407.4961,3119.179347,888897.4929,5449.578621,179903.0044,17338.03923,113562.4393,0,38192.56232,31256.08791,7781.235422,424.0915947,794086.8999,21996.04767,596419.7119,8197.627562,19968.53199,156164.5725,3262385.903,120631.2696,1411373.816,251067.5782,27895.39604,700828.5431,413299.962,1029287.01,11032432.21,810005.0664,101102.6445,30355.3864,297177.3913,12807.58196,15001.67232,254342.2747,20103.09198,669877.8456,4106.491713,92613.51921,132587.7492,1058209.802,159195.8883,383521.7218,603806.5776,10520.66507,15621.35985,76543.78172,122349.7793,35542.8174,68610.6764,50351.11441,325595.1979,158217.3793,197248.5032,1677.107723,0,0,133280.3956,23016.98472,16533.76933,12690.7909,245195.4224,3584.958006,3869.327951,0,1504.54851,8710.810383,1573.777673,68359.19977,2549.838257,57.92632446,1327.588162,3003.477513,21246098.84,7956332.632,2114080.477,114399.6219,217773.3403,82647.8607,74656.62126,882268.0504,508382.7801,21110.68534,54.98438721,0,25761.37494,910.3067442,910.3067442,15623.84482,14889.05855,59.12012329,0,0,0,0,0,112.7976002,0,28206.08578,1052.418527,3528.350657,37791.47645,1372.194077,39615.00774,31879.75173
AIM084_Plasma_neg_040,Fast_08h,5586679.447,7782518.893,78488.65051,2929344.771,682726.7225,1004567.298,40205379.25,79055303.51,4511726.301,15358458.82,31779778.6,27400221.74,729410.8372,14887638.67,17670742.57,13120366.12,39574291.35,1565697.331,29411207.31,1624726.489,2844030.635,1902775.623,548419.6341,796012.4384,15474583.32,694247.8178,472264.0603,592240.6834,20724.29004,1792728.121,30281.14455,101689.2586,1047862.849,1870816.679,1272064.824,1238046.963,42047.23656,5101945.21,29576417.3,419662.5839,668146.3658,94542.85565,132535.8625,95346.82064,334634.9444,5946303.963,1410969.848,1198691.782,15790231.64,67806.38344,1233513.465,10135.46591,97145.13631,30844.80798,139270.6115,194303.4161,29584.49499,36486.73975,11122.95343,4251.752436,1198244.43,23827.77595,861811.7738,8326.206034,23086.53237,155949.5507,3953999.167,106626.5177,219046.743,297436.8179,53634.7907,642951.4585,552021.9873,1445117.109,14905811.72,1174645.793,136507.4911,30545.78605,307614.2443,14290.30339,16926.14693,299631.4116,25127.0115,104994.8588,478.2917996,27638.90268,19173.88597,1024142.041,110456.7528,328948.1398,436239.2674,5103.236792,382.1502898,6708.628936,77635.72852,17193.13915,152171.1724,35281.91484,152228.6936,538507.5838,500397.7636,2563.302975,171171.0668,362660.1238,60682882.34,12263118.71,5847112.666,9356146.07,89459197.88,2406631.003,24200.28885,25107.0148,90169.42083,1434656.582,193662.0287,22381754.24,1480694.829,230630.2129,1088536.25,1825986.129,15947179.24,7160781.503,4112575.594,91463.55757,648317.8741,728339.0924,196095.172,612225.1475,632653.0881,3356010.066,241313.2731,493670.1248,117284.7266,23317.83627,65605.48836,44878.98297,23160.96266,3086.740217,7682.477746,22501.10034,145135.528,131920.9205,24451.51314,23676.07338,152228.3407,26890.90779,402.5957651,2771.648178,486116.1587,2012.344939,40570.96276,39469.50193
AIM084_Plasma_neg_047,Fast_08h,5787579.503,2380492.552,17942.6542,2787376.131,516756.9473,309424.425,34044176.77,51400286.65,2922407.288,9598005.484,23699979.52,20141512.72,577416.8672,15188835.09,12737213.64,11037156.79,34221828.22,1433762.08,29576327.95,1969709.447,3368073.702,1307727.205,735947.9893,1028677.483,12303780.69,775374.5711,599041.3603,733463.3953,8792.288048,2851067.962,29675.91699,151438.4374,1729856.937,3040501.198,1941390.155,1542455.648,57719.41069,6975474.117,43362903.5,643584.4142,246404.0863,288581.0093,173839.3601,112114.2173,120943.7864,8340836.542,1749974.12,1150595.539,18892922.46,86645.07667,1525977.541,8717.850793,324308.7056,36785.59036,168151.5802,302745.7795,42842.79192,44544.34234,11173.65714,531.8304664,747321.2562,41371.56146,811904.2897,9791.838083,18215.43029,154887.3801,3525489.458,132244.8536,497243.2123,789036.7785,64162.92455,1966431.759,599639.0626,1510028.324,15589555.35,1215598.078,153010.8284,44027.52532,403408.2321,34460.08947,42825.59284,793131.6557,27233.71159,1220281.638,2975.697121,2975.697121,2975.697121,2987608.014,834216.6856,948594.2711,2239410.126,3084.566148,3902.132118,15228.52299,42171.30019,12393.05704,112130.7087,96622.46835,557643.7682,459084.9091,539825.4849,0,272869.2022,334240.0149,45162263.49,10331302.41,7985000.229,7438463.031,66009268.39,3484145.328,28316.95432,38596.93451,108847.9599,1607023.714,173153.6214,18641911.51,1575018.481,336866.0309,1100513.045,1496705.162,0,0,63369.18909,1214.63632,3884.263527,0,0,0,694598.1962,3726135.542,297637.8759,795792.6721,161234.2174,63020.69917,79137.79243,67767.43722,30453.2111,6275.948644,8418.624298,24482.54613,157515.3766,164358.1619,58085.31064,32470.87872,154615.294,29836.17195,1736.429461,3880.326588,599703.5881,2516.615489,71.04139404,0
AIM084_Plasma_neg_018,Fast_12h,5228658.751,3141126.136,8489.534125,2489751.463,542708.0734,315185.3009,28218772.59,43482168.48,2705806.34,9517155.043,21291255.19,21086245.49,619785.569,13411859.31,12763381.1,7296731.078,27181294.51,1487483.451,25170391.81,1426303.771,3560140.936,1029556.544,363689.7422,1085252.526,12378291.26,722118.4123,388511.1412,390837.1711,6889.9694,1663347.898,60813.87733,89721.37917,1329881.058,1780863.841,1034442.717,1317888.26,335477.4037,5823454.269,29034342.61,18551.77629,137711.7277,171568.2346,131605.0667,35353.50225,55646.02321,5750617.966,1326272.225,879512.7207,12003082.75,44641.04151,1075922.075,6819.359598,209291.5961,21949.50347,153147.9318,263008.8278,27172.9424,36931.20841,11381.59973,2422.793102,6930.946605,24689.52245,707380.8472,6364.658299,22685.80431,162608.5146,13969419.32,549903.6042,1404798.511,73238.92581,109321.8336,589915.2864,467210.8677,1246142.166,13041194.63,994478.4862,123440.599,24144.57347,338816.6446,9210.057441,9594.450409,75007.69399,19826.86183,128431.8632,1266.771722,1266.771722,27198.27,8532.837157,157576.1149,6547.051198,62076.24479,7117.149014,5586.914611,23280.14399,137156.1907,24345.77891,159638.1583,168306.4676,630825.481,966777.1695,604995.3923,17018.77058,237593.849,367025.4691,49947955.24,6600377.973,4766164.025,7950683.219,85330818.01,2583432.087,35713.09137,20857.82521,77274.1354,1491446.28,136883.497,12694989.9,1536294.41,254323.7955,866624.5023,2014735.471,37233484.41,7792729.663,5953771.017,1220096.896,237116.068,346753.102,148426.6426,404824.1225,695388.4117,3689476.745,233362.4037,100832.5549,85346.32842,22378.77146,53494.83881,84938.31407,31547.50026,7710.267651,17646.78479,44189.48394,301639.6454,192150.4626,52401.48856,2529.412423,141386.8189,3088.077505,3169.227493,18022.02665,1249198.994,2707.467571,77843.17054,95035.3319
AIM084_Plasma_neg_026,Fast_12h,4090432.048,3878149.08,25015.47259,1721581.371,453282.2927,360856.8149,25653631.46,41858835.59,2584636.235,9184396.133,19342228.64,19380595.08,563818.0749,11457233.62,11670357.61,5912013.171,25740122.26,1726525.463,24125717.89,1309572.206,3119905.399,1082051.028,353172.5585,809114.4833,8302374.941,602295.2302,316982.6372,373143.8131,8521.01642,1227737.23,51072.99054,71428.68444,1616340.456,1060897.533,1011902.824,1299668.198,50336.86345,5219909.151,26091026.55,84326.26485,364899.2308,148936.8925,144958.6129,60537.14284,124149.7469,6564015.847,1738373.155,659113.5488,11286481.33,51993.26056,539924.4006,8056.509286,155142.3917,24611.08699,146262.8429,107299.9253,25358.86067,42348.93844,14775.50168,2638.961324,833383.8463,28850.03641,714713.6586,8618.981855,33216.54861,157296.1574,6070920.453,291602.516,495788.5708,103648.6747,109078.3815,590893.949,593664.4894,1590358.037,16933035.03,1368638.241,175537.4202,33157.92246,301719.6697,11455.58928,11161.23028,105898.4545,24071.0978,104980.4485,9515.74358,2911.39609,19548.70092,327763.3262,40782.95011,63663.41698,365776.5734,2123.14623,499.7488048,2474.692895,31997.59391,7872.795509,175485.7207,62226.03272,570274.9653,725989.7971,916297.384,6805.601633,247034.9839,381329.6335,50438118.14,6314631.191,6280936.239,9022560.229,77922399.08,3207716.908,44181.21772,21056.2873,73172.90255,1330854.372,112890.7897,11979128.6,2124162.474,370187.7971,815487.9112,1817288.017,27249595.7,11836063.8,4188499.124,1022421.777,257475.2775,916840.8128,142698.6656,324796.6067,592692.6614,2621745.952,203280.3048,519484.515,73011.3564,15819.22316,36576.53991,60599.83449,28905.64557,4888.078911,11439.47308,31454.40701,235753.5061,183708.4845,47122.83853,0,97862.70538,5882.206085,1259.824219,6890.41634,1118479.153,2775.725979,47575.43733,55139.13482
AIM084_Plasma_neg_033,Fast_12h,5106897.943,3738827.083,13856.15986,1734941.439,512712.6274,239750.9771,23764346.43,36891520.7,1973632.242,7332239.995,16884291.61,18766313.23,524364.76,13338901.28,10458856.12,7008269.297,24248487.09,1336174.205,22687274.43,1386578.115,2325334.129,803358.263,336323.1056,775542.712,10664360.23,685393.9439,364502.5531,386431.897,8187.242708,1173992.237,35362.46821,54917.10343,1316249.379,2038967.581,1476440.87,883614.607,1516682.62,4634987.844,29637596.18,559856.9858,76722.36304,102996.4515,141172.1476,46889.14427,89387.33191,5614452.034,1133470.02,582489.6431,11321309.71,97697.17108,502448.2969,6519.228775,354088.0249,16835.78545,124034.6501,205818.6854,46142.12605,29289.08118,10388.4141,1083.705756,551501.4193,14006.58199,558062.5716,7984.940734,19650.43704,160920.3736,6632045.505,178688.7576,451889.1728,388128.8037,83866.65469,448320.4713,418390.5819,1085782.993,11801876.21,889016.3569,109675.7531,35490.34162,262525.2637,17256.23079,23339.94106,391221.0411,21233.08578,2929282.538,364963.263,364963.263,364963.263,3728510.835,1096761.177,1165024.903,1810021.849,4649.800982,24101.27973,67849.48013,59438.71879,20306.88904,61870.90887,78629.78438,484493.9873,197415.0592,184256.3498,5443.558491,265520.0449,407826.9162,48948069.81,10993928.11,6604837.625,6647108.101,56904173.6,2819637.943,27081.34413,44319.08024,86649.28761,1096388.461,192312.2115,16582645.49,1084483.749,179327.6215,753924.3348,1491056.986,22309092.62,2816079.762,4634871.962,43209.4075,161451.2714,943647.014,134953.2175,559743.1103,489345.0827,2692488.914,192254.5638,452559.6007,73371.76854,15181.69951,28882.90397,39421.38723,23396.68321,4019.25843,10809.37611,35570.57425,179617.4899,176688.8827,52897.81268,21809.02873,58301.35303,28056.02435,1911.261109,2271.088271,37557.6952,1064.024668,632.4084146,0
AIM084_Plasma_neg_041,Fast_12h,5073760.49,428402.392,19207.53379,1718682.436,572249.1905,215657.2872,22959906.44,34014372.73,2570468.685,7213128.024,16588216.25,17583047.78,677086.7952,10636490.07,10856880.37,8947767.888,22040173.39,1757498.537,26205592.87,1720979.925,2994346.162,1659098.499,465034.4334,945441.7058,9980333.615,741431.4764,500733.9531,537385.1583,12784.01631,1174728.36,35220.2957,67725.86626,1543007.237,1610575.147,1506457.673,1038674.425,249480.742,4563562.818,26022378.7,382139.3707,328919.9899,210940.5874,81620.49181,48369.13861,55564.75368,2833778.415,1088471.978,580677.3303,16084876.1,73614.28999,925523.4942,7363.382539,173498.2024,18379.39176,142908.5858,146981.1108,36402.55421,40653.46019,13408.96339,2241.149631,901309.5644,25197.25981,686060.7862,8824.629423,14867.11502,167291.511,6239068.469,255427.1851,528193.5765,342130.9967,85471.27847,470677.3018,448049.7384,1206584.844,12994733.98,1008318.862,125217.6776,25440.25804,259028.6249,12019.07985,14850.50185,344420.2567,25455.75714,320970.8195,1231.183041,1231.183041,0,2236647.729,344188.052,591626.3759,1244185.532,4859.773737,4624.254338,7218.886331,60807.68198,20104.76963,124603.6582,80288.50031,206081.3975,514109.7771,548735.3383,6372.360619,197789.317,313997.6252,38012298.71,8851411.564,4143991.084,5977635.561,55956758.29,3058237.231,18106.27064,17407.63074,75075.16006,1263962.454,160487.9148,16047043.76,1373193.096,261821.1806,604257.9423,1194122.499,20875085.43,6447099.983,4949163.276,302264.5052,431429.9609,475827.4997,177304.3524,516341.0008,522906.6494,3122275.203,225911.2391,219780.7279,56071.44954,12777.07532,26376.2142,37674.40403,19341.93172,4943.379849,8778.194675,38373.76342,128133.6037,105636.9515,27057.94579,22956.53693,107220.9967,24441.59431,3396.939715,3147.194736,554353.496,2410.734082,14346.17696,14068.31093
AIM084_Plasma_neg_048,Fast_12h,5633039.385,5784623.557,30658.87589,1032743.764,596293.5824,400107.9153,22040219.79,46333913.63,2586223.698,10453393.98,20252061.94,21463899.6,429457.089,11917644.38,13961533.04,11665523.05,29109020.87,2176980.905,25953743.05,1287480.797,3213709.098,1035766.4,411254.2415,1050123.366,14670500.91,772004.29,514433.5472,488803.5932,10096.0579,1458268.319,43831.1328,87151.97239,1586954.675,2411791.66,1692981.796,1039457.722,45463.1819,4834145.732,30131388.36,492756.537,120242.5924,145433.9152,26303.27419,26073.22996,184727.5518,5691028.93,1473948.756,666532.5097,13449163.96,168377.3213,607982.8568,8691.628093,249017.7545,25573.68453,152098.305,131218.2336,21526.83507,33418.98377,10925.50806,1542.690491,615764.6916,14287.71755,624407.7044,9758.152067,40327.43557,149742.8756,4567020.877,132358.1289,397071.7983,196581.3414,84505.2951,491614.9574,646699.9923,1686628.961,17401535.27,1373069.622,171126.946,32789.96057,270108.2392,11722.04016,14435.1755,199220.0102,25332.22697,1389091.273,10519.47826,3854.491409,277483.8122,1436129.902,615871.5413,735033.6999,1367395.75,6362.657302,15039.05342,35324.67088,30379.21576,14327.74418,80509.25798,78781.45524,325288.5622,120062.4408,171920.4912,4926.47046,202718.7854,320622.3207,41466397.94,9808183.903,6069805.233,6438516.995,54551957.41,2728067.395,26679.61909,23121.18097,66232.01877,865081.1615,105517.4414,16574946.44,1775402.02,311284.3005,743427.8473,1222992.1,0,0,50922.66027,4920.488136,142941.9786,0,16594.45288,0,792962.039,3839544.211,341465.9552,462216.7249,60938.07277,15398.1195,36792.63375,56071.69793,22142.79762,8037.826815,12627.14821,31562.38077,142799.0804,113305.4343,40386.27407,25056.64576,79279.73068,41496.7625,824.4243016,3976.338193,619367.5193,2717.839911,31607.89585,36368.90935
AIM084_Plasma_neg_019,Fast_16h,3498713.24,2700592.496,11839.99079,1935955.711,463980.7447,268525.4266,27183662,43111399.35,2466211.822,8553577.55,20988152.57,19171930.96,539440.5962,12157958.19,12318551.69,10190701.69,27080467.75,1141840.355,23978712.33,1180213.789,3803539.165,1140155.195,279760.014,968226.6689,13236135.61,590585.5048,454314.354,368858.8825,12057.42312,1411510.528,67002.10374,67344.59646,734373.5372,907317.5206,964271.8054,1329138.1,1234003.716,5093359.746,15232473.5,537042.1456,335958.2934,253749.132,157949.7229,73989.52671,61638.73049,10320922.06,1588903.04,732080.3324,10650692.63,53805.69527,677056.7651,6560.004175,163653.6843,23089.08123,156243.8646,47999.61916,21112.50183,47135.19364,18523.86681,3259.166042,1374174.522,21550.17925,838208.7436,7275.292348,838208.7436,159919.4736,9448925.894,283304.8736,880269.9787,76486.68997,135852.6711,560377.3322,707861.8184,1870400.074,19661135.01,1561061.218,197279.3535,34553.94794,303827.6961,9297.764578,9828.751157,78403.55926,27440.99206,203735.5818,12850.55126,16432.91017,0,698689.0241,319001.6234,320812.6348,232889.7458,31541.53977,56127.07698,87537.5187,168832.3486,50571.19879,60421.85504,60443.76452,106811.6233,123727.4119,100050.2026,12217.01802,261914.9838,511290.8355,51841354.89,6574449.242,7108258.421,8670664.337,71214766.4,4360295.883,35378.28768,22004.76005,107900.6724,2215203.936,220835.027,11356626.99,3344889.395,386182.8774,616486.7725,1734729.971,39348725.02,8236090.306,6691427.623,447584.6478,284165.3441,619466.3783,178554.616,406909.4714,872485.841,1895474.671,170584.5233,153355.0904,56974.5412,13629.82111,27397.96154,48245.85991,25179.005,6124.526243,15638.35091,39497.09401,276059.2568,211119.2862,59101.52223,1706.071423,115014.0835,4373.278413,8832.652707,18106.28372,1101089.129,2541.235388,88727.8678,129945.3132
AIM084_Plasma_neg_034,Fast_16h,4401861.231,6523076.714,40816.44489,2046480.066,648982.23,568213.2046,33377393.21,57504137.13,3985902.065,11605438.15,23018278,22479815.16,567948.621,13638102.68,13736209.05,7669508.329,35146570.71,1290529.768,22690668.63,1513844.11,2925526.96,1115898.434,353579.407,1000961.718,11122290.94,642817.8556,453370.7286,380664.7126,10421.38281,1286597.532,38289.36721,34493.28172,1593347.073,2777849.052,1277612.954,997601.0518,253542.7893,5065325.45,24782056.05,669537.8564,142861.2573,142204.6701,136238.3703,36552.98956,148583.8081,10576496.57,1664819.997,672390.4533,8288702.363,84091.49432,515897.3636,8335.984315,270307.6671,21168.40558,185436.6053,104198.7761,50177.84084,29554.73261,11008.75204,2417.872775,6716.926411,12434.95234,631943.083,8558.333919,12934.77826,159893.5301,8418452.198,242569.8439,62533.61412,398135.2266,75641.42506,406571.0869,575756.9666,1530000.834,15868316.74,1306327.216,162088.5531,39773.18991,279892.1327,17923.46393,24760.81601,401009.1733,21302.67512,5800497.752,1118136.037,1042928.954,1042928.954,5767549.999,2165698.54,1622635.494,4614129.275,12630.32211,109264.3121,249765.219,168160.358,108291.4205,52888.79102,127740.9598,910534.6025,209246.4199,330432.8102,10090.28,216831.947,286151.024,35454177.55,9121998.801,4054627.021,4426417.844,42867850.32,2232832.435,16357.98423,15684.71242,47607.09972,715496.0062,87764.95756,13755368.79,1404272.319,175287.5362,328174.9091,805738.6167,25965520.38,689656.8652,3153728.885,19697.48985,7153.98305,792381.2326,111306.2332,38066.06259,591175.5452,3319860.268,244718.2698,216318.8937,65515.1326,18024.97261,43702.82957,64720.01954,23776.13649,10660.30758,14477.96973,46655.81579,182743.8191,174267.551,56329.14123,13220.94535,66616.70724,30729.37995,235.801604,0,42879.33713,3884.23375,273.8586445,47.90604553
AIM084_Plasma_neg_049,Fast_16h,3688762.005,2200381.844,10599.13614,1619412.511,713392.4651,249918.3035,29041889.67,41183459.84,2646559.673,8335888.735,20275656.31,19522558.15,578550.4814,13043449.88,12108047.07,9841485.344,28012859.4,2436977.512,22065686.24,1214120.528,3156274.667,794850.9466,341380.5673,869112.7573,17709594.31,790189.2038,671290.8624,537744.9906,14007.08628,1653368.879,50797.30977,97781.45476,890237.0055,1283488.381,1292891.357,867044.8777,293823.8373,5766398.752,26073763.3,896411.6758,465014.3719,168329.0747,161973.6912,47918.74824,163457.3432,16813765.97,3681934.671,820790.5325,8179514.338,89938.15138,824953.7536,7355.909633,227773.3186,18518.64067,160047.111,278771.8636,42401.01128,56298.39477,21389.63485,5782.686678,1140846.322,31980.78041,752458.3037,11884.30279,12804.16031,160273.1008,10248860.11,510391.6292,123371.6676,233123.9274,141521.5328,473183.2051,543130.9827,1370366.518,14395914.45,1152941.198,166493.2113,45818.48834,323885.84,18979.48554,17030.70311,235549.8567,24530.27903,2182968.408,780938.7252,536273.9343,451513.8867,1598715.076,171346.5241,199036.3448,520172.9874,11532.67135,189797.2545,401159.6302,814682.9227,87224.73491,26523.29433,138730.9477,524676.5403,244405.5268,81302.3712,11366.89617,222371.5827,260889.7596,41461511.35,9912237.897,3498823.29,4354702.444,68719495.24,2418966.848,21373.41784,125105.0033,21267.64121,872556.6603,36175.51349,19732559.66,1912093.57,217802.3761,285118.4309,1314675.109,84458.83833,2106276.132,50099.1853,158250.9435,2307528.425,40641.75194,59912.1526,1548444.524,481122.7695,2005585.568,242481.8552,162438.2736,41674.23892,25343.59528,24787.77733,50279.08663,19014.02583,5474.529666,8438.498607,31611.61691,196455.9846,175589.2445,44894.03812,48187.17034,39945.30449,29859.41069,9227.150018,5718.741265,612973.6841,1823.890886,54297.44182,64464.37978
AIM084_Plasma_neg_020,Light_control,3524827.238,2744554.964,8455.169008,1631633.402,443447.8804,171685.4898,13535059.04,30614701.48,1518147.428,6996602.836,15635814.54,23935357.09,458512.9319,13110875.1,8240671.522,8701166.329,14196871.22,326775.0668,26529044.39,920514.1781,2971398.19,786585.7363,306550.3671,846953.9834,6768824.016,609349.2678,187253.7574,389228.7347,8551.942209,1181682.145,38146.61868,27181.50413,1819219.012,3571129.773,1251603.267,415819.3101,43867.10881,4067224.573,21883902.43,40859.67168,119169.4027,109873.4995,130094.6311,76656.50521,70942.96518,1070571.011,370546.5036,468936.9846,16260438.55,51599.84598,657960.1685,4434.949487,248032.0176,29002.50663,119408.7048,383454.5169,45355.12358,47148.75935,9931.195866,99.7256098,9190.33677,11277.71073,709652.4781,6514.625971,709652.4781,146549.876,6525678.597,133535.2643,2158808.599,354828.9524,119283.918,420604.3982,538820.5846,1445346.241,15313863.47,1196588.301,147736.412,26775.53589,259425.3876,14939.05938,18431.93838,356906.1876,26996.25833,132871.1188,832.9406863,5040.040752,0,232038.8687,121533.6486,49470.38827,121211.7802,1874.915731,4189.414819,9656.52864,36859.52315,6455.113906,49672.84623,45895.40286,190015.843,209105.9662,140304.7292,9914.388926,449812.0339,550583.0871,70150970.73,7823233.068,22552878.45,14294092.15,93395376.45,4012511.032,35023.45255,113214.0224,136540.0346,1425520.605,177215.7558,13371695.68,2446394.627,375580.8653,1706524.977,2530558.664,35309706.07,7525900.878,5624664.175,281235.3948,194975.9489,473551.9231,171000.5375,527391.7464,584102.687,3115566.148,226426.2083,234372.9477,142005.8466,31511.76981,80441.37342,58714.38117,41583.91533,2195.205132,11379.371,23771.49152,87416.84218,67398.83635,25163.82093,0,93696.76381,3149.787757,14157.58651,35277.60344,1148842.147,4195.625946,70664.6882,82824.8268
AIM084_Plasma_neg_027,Light_control,5330050.035,3304512.62,6512.384681,1699337.893,583566.0904,246922.8431,28742520.8,50766746.78,2420883.139,10350349.08,21960764.44,27964780.42,398991.0524,14141902.17,13055375.89,11167567.65,28819936.81,1017765.145,29905840.08,1129228.299,3220339.007,1270119.463,332843.6168,796279.6412,10631509.12,773091.7695,391554.0112,545151.674,9934.3747,1485935.553,42418.17253,38333.63713,2106736.223,2782006.588,1549014.418,983129.3729,242878.0785,5191264.314,24295257.41,653616.522,478077.7326,186336.5073,172546.9147,103333.4545,192867.7467,1166007.314,512006.6627,472534.8767,17131385.19,89022.43498,1468118.413,6583.731533,269942.6809,28501.24234,149343.8689,268874.2514,39608.0631,33952.76906,4921.636046,47.97442017,489530.2327,10967.34537,615530.497,6300.713936,16679.46684,138366.0324,5138273.161,132800.5542,2234300.782,178327.8696,78983.638,357845.6186,387348.5348,1033637.305,11014751.55,819412.0717,103172.03,20715.36869,286377.1758,16173.18218,12696.46188,180421.6083,36090.67059,64982.44855,68.94133301,68.94133301,12647.49327,10530.68643,119753.6124,6220.00414,95410.15085,583.0320768,2955.783324,5377.956103,51542.80553,6013.781349,54498.55795,121406.6841,259352.8234,542323.3911,230831.4004,4330.228188,317786.3453,463754.4919,62257850.97,13158562.19,13451646.97,9988465.949,77098117.61,2904990.523,18633.28719,55437.06517,111197.8846,1550116.903,182991.2955,21384726.18,1916012.809,337211.6688,1151755.872,1793124.28,71316.67653,0,45464.89763,4079.589813,107.4460083,0,0,0,609638.5445,3568377.82,277520.8825,384599.781,104482.9665,23787.63239,103276.9607,53305.98391,27990.39992,4165.823213,8292.122783,22041.26476,111484.4347,92445.50611,27890.34744,25593.18899,121631.9966,19810.06012,4357.586954,14636.03758,45928.26121,1713.384991,1559.237452,0
AIM084_Plasma_neg_035,Light_control,6296283.057,3390941.466,9857.707868,1888267.874,833917.8996,272087.7171,17309174.79,37097927.28,1881460.526,8197102.64,16970463.33,28130498.74,428458.9861,7290160.331,9585081.543,14969621.07,18534970.87,519454.8833,30569281.32,1281925.203,2507757.685,674750.2734,532143.3958,670901.4151,7891740.894,894321.746,241653.4073,755564.3848,12270.40875,1379894.199,48545.13561,101946.2194,903696.8267,2252993.936,1642282.966,405126.5872,48622.91124,4882431.669,21129327.15,760048.0999,209512.2638,116257.2928,181358.7218,83169.88242,530059.8095,2027265.745,447359.1265,435722.8922,27270393.87,77233.03801,2464753.332,5848.415158,108641.3431,34682.1517,176556.718,224228.3654,65470.59908,37173.52819,8578.741902,0,617198.1624,12579.19608,598420.6919,8032.858757,19248.35529,176689.139,2926362.419,67147.78404,1032588.764,205791.7253,36021.53556,677302.0314,433551.6512,1093100.846,11737392.04,913221.0268,113338.5351,22529.09154,306205.6643,25222.3999,18558.53947,208503.4935,27251.024,57694.55251,8086.154168,8668.139981,11085.33056,17658.60359,174399.6548,12783.91774,119582.9205,530.1299564,585.7978331,9515.605524,229623.7584,40451.93934,103182.7352,76765.79993,475333.5984,524271.0618,678243.6242,833.7863657,396704.2812,560272.1811,64073959.69,12994092.19,14395149.31,12072637.5,70173186.18,2465597.962,20876.68166,65760.85735,113564.2709,1060079.206,164015.6816,19492480.12,1769955.993,342665.9519,1384541.57,1640288.785,2300226.665,944544.6701,323284.2475,651357.8629,3754.726282,480566.5736,31165.88304,22667.30167,557224.6163,5206175.8,284081.1751,497608.5587,96711.30889,14973.71575,59670.73389,55683.34794,26338.65526,0,5310.222431,10991.00685,57782.58398,45493.70817,14539.939,8257.839385,150742.8474,27855.41246,10676.82465,21055.27241,542024.7395,1850.094045,0,0
AIM084_Plasma_neg_042,Light_control,5275275.583,1500473.883,18911.73691,1755771.412,625988.0789,261548.1144,16289594.55,34851617,1838757.493,6047929.067,14514114.91,26455287.3,653502.6245,10356585.98,7279024.519,12608935.96,17572977.4,369693.1249,28987446.29,1250863.239,2799630.637,1229782.483,368115.0905,940627.9907,8231364.416,734786.8515,231286.9417,550247.8135,12167.37089,1087128.628,33912.0182,73049.71493,2434490.554,3811426.681,1573628.235,452560.002,45483.32759,4421109.042,21500496.58,479985.9438,247622.8261,117815.8791,101897.342,72451.09527,164709.9109,1404377.749,374184.9876,483114.5618,21830198.23,73388.38119,1879916.045,5586.786161,216563.9763,31721.9873,110459.4284,253636.5499,55881.19914,36533.09689,8556.569096,702.7214964,817214.8071,12680.70265,745551.1261,8318.238393,16219.98922,150525.1315,4396488.559,90574.26736,1920669.105,253697.8244,78452.70531,412867.7834,411392.2542,1070282.65,11652814.5,877730.5606,108345.8397,24308.10684,273276.3618,15521.80602,13529.35808,255859.373,42159.11947,204495.1826,63.57557373,63.57557373,42933.1664,551721.0874,123734.9329,236745.3593,321101.7069,5939.410955,4522.181061,13791.96942,41569.05584,28151.0058,92555.56217,32701.61637,154377.5932,190537.3031,213353.0149,3561.157372,551292.2789,752126.5463,69620415.05,13404863.79,13816115.81,13831301.11,91977960.99,3652060.961,30262.60811,72137.72709,123300,1221863.298,216327.5283,22691185.33,1942102.601,330065.0113,1087085.742,1771719.613,32922170.64,4194163.518,6624001.49,319947.5298,189076.3243,685650.4236,151663.1299,324922.9696,591113.9962,4001125.102,244812.5456,207626.8869,84857.999,19173.90205,58223.53149,41043.15003,23221.75445,0,4155.429707,8651.028614,51529.65675,34784.04848,9361.326802,15575.84322,103176.426,26263.23599,12415.76202,35626.85616,589755.1106,4723.510842,34885.636,35343.25657
AIM084_Plasma_neg_050,Light_control,5962892.574,8400670.28,73630.07739,2181443.318,828692.3889,692285.6103,28142596.01,63883228.97,2888976.594,14170106.77,25772600.04,38837529.72,601332.1351,10229417.77,13520552.41,17133767.12,29397483.53,368729.5414,28490172.05,1093897.351,2671796.706,742749.0997,450354.7998,961933.8522,6471003.532,893379.6886,353185.1666,594712.2142,11493.24165,1230507.643,40087.13056,66309.64588,3070027.429,4927964.396,1684963.609,334706.2307,230114.7719,4949582.323,17591912.89,878639.5256,545800.8594,193164.3485,156753.2273,96038.98658,422724.2836,452546.3197,676724.1658,469583.3846,19527077.43,95661.46973,3011739.74,7928.501808,224193.9994,37058.78274,191301.0307,296308.6868,65059.73086,40523.34557,7960.948662,0,662616.2382,10618.94235,619929.5551,5515.865437,14757.46183,146875.0935,2615813.458,47757.73528,1109075.063,229816.0777,60758.69489,525693.8527,614523.7188,1582916.916,16187896.27,1266212.826,145945.3643,26968.33979,331182.8755,16190.90838,15610.48002,232095.2957,39349.09997,304816.577,22491.76557,63890.56196,0,1156377.128,231705.895,293603.1835,258356.9525,17076.04125,40270.09315,65867.37111,220268.7896,37866.99966,24170.28797,20017.23432,65767.11447,127574.865,79689.88821,1260.457477,376347.6525,523072.217,71973641.04,14040182.61,16075835.65,13141827.92,77589793.74,3039443.626,20099.17259,78256.61323,147848.3771,1520317.452,217276.0798,20351694.75,1843111.717,254120.2996,1666319.984,2214151.325,20786724.79,4083577.006,5948068.988,144018.0186,710461.2571,75801.60662,482839.0517,1431020.09,703144.6754,3888743.201,343601.2983,560655.5575,97712.92219,24154.50859,59538.37337,57053.2273,29020.26065,0,3931.143231,9736.097837,43217.3768,27844.97941,8159.839289,19232.0731,127929.7123,30604.41058,12708.08802,3478.829659,581087.7301,2989.185367,39106.93987,49815.06661
